Title,Category
Abstractor,Legal
Academic Advisor,Education & Instruction
Account Coordinator,Customer Service
Account Executive,Sales
Account Manager,Sales
Accountant,Accounting
Activities Assistant,Community & Social Service
Activities Coordinator,Community & Social Service
Activities Director,Community & Social Service
Activity Director,Community & Social Service
Actor,Arts & Entertainment
Actuarial Analyst,Insurance
Adjunct Faculty,Education & Instruction
Adjunct Instructor,Education & Instruction
Adjunct Professor,Education & Instruction
Administration,Administrative Assistance
Administrative,Administrative Assistance
Administrative Assistant,Administrative Assistance
Administrative Coordinator,Administrative Assistance
Administrative Services Manager,Administrative Assistance
Administrative Services Supervisor,Administrative Assistance
Administrator,Administrative Assistance
Admissions Counselor,Education & Instruction
Aerospace Engineer,Aviation
Agribusiness,Agriculture & Forestry
Agriculture,Agriculture & Forestry
Agronomist,Agriculture & Forestry
Aide,Physicians & Surgeons
Air Traffic Controller,Aviation
Aircraft Mechanic,Aviation
Amusement Attendant,Hospitality & Tourism
Analytical Chemist,Scientific Research & Development
Android Developer,Software Development
Anesthesiologist,Physicians & Surgeons
Animal Care,Veterinary
Animal Caretaker,Veterinary
Apartment Manager,Real Estate
Application Analyst,IT Operations & Helpdesk
Application Developer,Software Development
Applications Software Developer,Software Development
Appointment Setter,Sales
Appraiser,Administrative Assistance
Architect,Architecture
Architectural Designer,Architecture
Architecture,Architecture
Army National Guard,Security & Public Safety
Army Officer,Security & Public Safety
Art Assistant,Arts & Entertainment
Art Director,Marketing
Artist,Arts & Entertainment
Assembler,Production & Manufacturing
Assistant,Administrative Assistance
Assistant Buyer,Retail
Assistant Controller,Accounting
Assistant Director,Management
Assistant Manager,Management
Assistant Principal,Education & Instruction
Assistant Property Manager,Real Estate
Assistant Store Manager,Retail
Assistant Superintendent,Management
Assistant Teacher,Education & Instruction
Athletic Trainer,Sports
Attorney,Legal
Audio Engineer,Electrical Engineering
Audio Technician,Media & Communications
Audio Visual Technician,Media & Communications
Auditor,Accounting
Auto Adjuster,Insurance
Autocad Drafter,Architecture
Automation Engineer,Software Development
Automotive Body Repairer,Automotive
Automotive Detailer,Automotive
Automotive Instructor,Education & Instruction
Automotive Master Mechanic,Automotive
Automotive Mechanic,Installation & Maintenance
Automotive Service Manager,Installation & Maintenance
Automotive Technician,Installation & Maintenance
Avionics Technician,Aviation
Babysitter,Childcare
Background Investigator,Human Resources
Bailiff,Legal
Baker,Food Preparation & Service
Bank Manager,Sales
Bank Teller,Banking & Finance
Banker,Banking & Finance
Banquet Manager,Food Preparation & Service
Banquet Server,Food Preparation & Service
Bar Back,Food Preparation & Service
Bar manager,Food Preparation & Service
Barber,Beauty & Wellness
Barista,Food Preparation & Service
Bartender,Food Preparation & Service
Behavior Analyst,Community & Social Service
Behavior Specialist,Community & Social Service
Behavioral Health Technician,Therapy
Bellhop,Hospitality & Tourism
Big Data Engineer,Software Development
Biological Technician,Scientific Research & Development
Biologist,Scientific Research & Development
Biomedical Engineer,Medical Technician
Biomedical Equipment Technician,Medical Technician
Biomedical Scientist,Scientific Research & Development
Biostatistician,Mathematics
Bookkeeper,Accounting
Branch Manager,Retail
Brand Ambassador,Marketing
Brand Manager,Marketing
Brewer,Food Preparation & Service
Broker,Sales
Budget Analyst,Accounting
Bus Driver,Driving
Business Analyst,Information Design & Documentation
Business Consultant,Management
Business Intelligence Analyst,Information Design & Documentation
Busser,Food Preparation & Service
Butcher,Food Preparation & Service
Butler,Personal Care & Home Health
Buyer,Retail
C# Developer,Software Development
C++ Developer,Software Development
Cabin crew,Aviation
Cabinet Installer,Construction
Cable Technician,Installation & Maintenance
Cad Technician,Architecture
Cafeteria Cook,Food Preparation & Service
Call Center Manager,Management
Call Center Representative,Customer Service
Camp Director,Community & Social Service
Cardiologist,Physicians & Surgeons
Cardiovascular Technologist,Physicians & Surgeons
Care Coordinator,Community & Social Service
Care Manager,Community & Social Service
Career Coach,Education & Instruction
Career Counselor,Education & Instruction
Caregiver,Personal Care & Home Health
Caretaker,Personal Care & Home Health
Cargo Agent,Logistic Support
Carpenter,Construction
Carpenter Assistant,Construction
Cartoonist,Arts & Entertainment
Case Manager,Community & Social Service
Caseworker,Social Science
Cashier,Retail
CDL Driver,Driving
CEO,Management
Certified Medical Assistant,Medical Technician
Certified Occupational Therapy Assistant,Therapy
CFO,Management
Chaplain,Community & Social Service
Chauffeur,Driving
Chef,Food Preparation & Service
Chemical Engineer,Chemical Engineering
Chemical Operator,Production & Manufacturing
Chemical Technician,Chemical Engineering
Chemist,Scientific Research & Development
Chief Medical Officer,Physicians & Surgeons
Chief Of Police,Security & Public Safety
Chief Of Staff,Management
Child Care Director,Childcare
Child Care Worker,Childcare
Child Life Specialist,Childcare
Childcare Worker,Childcare
Chinese Translator,Media & Communications
CIO,Management
Civil Engineer,Civil Engineering
Claims Adjuster,Insurance
Class A CDL driver,Driving
Class B CDL driver,Driving
Clergy,Community & Social Service
Clerical,Administrative Assistance
Clerk,Administrative Assistance
Clinical Assistant,Physicians & Surgeons
Clinical Coordinator,Healthcare & Medical Technology
Clinical Documentation Specialist,Medical Information
Clinical Laboratory Scientist,Medical Technician
Clinical Laboratory Technician,Physicians & Surgeons
Clinical Nurse Leader,Nursing
Clinical Research Associate,Scientific Research & Development
Clinical Research Coordinator,Scientific Research & Development
Clinical Social Worker,Social Science
Clinical Specialist,Healthcare & Medical Technology
CNA,Nursing
CNC Machinist,Production & Manufacturing
Cnc Operator,Production & Manufacturing
Coach,Sports
Cocktail Server,Food Preparation & Service
Coder,Medical Information
College Counselor,Education & Instruction
Communications Director,Media & Communications
Communications Manager,Marketing
Communications Specialist,Management
Community Health Worker,Personal Care & Home Health
Community Liaison,Community & Social Service
Community Manager,Marketing
Compliance Officer,Legal
Composer,Arts & Entertainment
Computer Aided Design,Information Design & Documentation
Computer Operator,IT Operations & Helpdesk
Computer Scientist,Software Development
Computer Support Representative,IT Operations & Helpdesk
Computer System Analyst,IT Operations & Helpdesk
Computer Technician,IT Operations & Helpdesk
Concierge,Hospitality & Tourism
Conductor,Arts & Entertainment
Construction Estimator,Construction
Construction Helper,Construction
Construction Inspector,Construction
Construction Laborer,Construction
Construction Laborers,Construction
Construction Manager,Management
Construction Superintendent,Management
Construction Supervisor,Construction
Construction Worker,Construction
Content Editor,Media & Communications
Content Manager,Media & Communications
Content Writer,Marketing
Contract Attorney,Legal
Contract Specialist,Administrative Assistance
Controller,Accounting
Controls Engineer,Electrical Engineering
COO,Management
Cook,Food Preparation & Service
Coordinator,Administrative Assistance
Copier Technician,IT Operations & Helpdesk
Copywriter,Marketing
Corporate Counsel,Legal
Corporate Trainer,Human Resources
Correctional Counselor,Community & Social Service
Correctional Officer,Security & Public Safety
Corrections Officer,Security & Public Safety
Cosmetology Instructor,Beauty & Wellness
Cost Estimator,Project Management
Counselor,Community & Social Service
Counter Attendant,Retail
Courier,Driving
Court Officer,Legal
Court Reporter,Legal
Crane Operator,Construction
Creative Director,Marketing
Credit Analyst,Accounting
Criminal Justice Instructor,Education & Instruction
Crisis Counselor,Community & Social Service
Critical Care Nurse,Nursing
CRO,Management
CTO,Management
Custodian,Cleaning & Sanitation
Customer Service,Customer Service
Customer Service Manager,Customer Service
Customer Service Representative,Customer Service
Customs Broker,Logistic Support
Cyber Security Analyst,Information Design & Documentation
Cyber Security Engineer,IT Operations & Helpdesk
Cytotechnologist,Physicians & Surgeons
Data Analyst,Information Design & Documentation
Data Architect,Software Development
Data Center Technician,IT Operations & Helpdesk
Data Engineer,Software Development
Data Scientist,Mathematics
Database Administrator,IT Operations & Helpdesk
Database Analyst,IT Operations & Helpdesk
Database Developer,Software Development
Debt Collector,Customer Service
Delivery Driver,Driving
Dental Assistant,Dental
Dental Hygienist,Dental
Dentist,Dental
Design Engineer,Information Design & Documentation
Designer,Arts & Entertainment
Desktop Support Technician,Customer Service
Detective,Security & Public Safety
Detention Officer,Security & Public Safety
Developer,Software Development
Devops Engineer,Software Development
Diabetes Educator,Healthcare & Medical Technology
Dialysis Nurse,Nursing
Dialysis Technician,Medical Technician
Diesel Mechanic,Installation & Maintenance
Diesel Technician,Installation & Maintenance
Dietary Aide,Personal Care & Home Health
Dietetic Technician,Healthcare & Medical Technology
Dietitian,Medical Technician
Direct Support Professional,Community & Social Service
Director,Management
Director Of Operations,Management
Director Of Security,Human Resources
Dishwasher,Food Preparation & Service
Dispatcher,Logistic Support
Distribution Manager,Management
District Attorney,Legal
District Manager,Management
DJ,Media & Communications
Dock Worker,Loading and Stocking
Doctor,Physicians & Surgeons
Drafter,Architecture
Driver,Driving
Driver Helper,Driving
Dry-Cleaner,Cleaning & Sanitation
Editor,Media & Communications
Editorial Assistant,Media & Communications
Education Consultant,Sales
Education Coordinator,Community & Social Service
Education Specialist,Community & Social Service
Educator,Education & Instruction
Electrical Apprentice,Installation & Maintenance
Electrical Engineer,Electrical Engineering
Electrical Estimator,Electrical Engineering
Electrical Helper,Installation & Maintenance
Electrical Inspector,Electrical Engineering
Electrical Technician,Installation & Maintenance
Electrician,Installation & Maintenance
Electrician Apprentice,Installation & Maintenance
Electrician Helper,Construction
Electro Mechanical Technician,Mechanical Engineering
Electronic Technician,Installation & Maintenance
Electronics Engineer,Electrical Engineering
Electronics Technician,Installation & Maintenance
Elementary School Teacher,Education & Instruction
Emergency Department Technician,Physicians & Surgeons
Emergency Medical Technician,Medical Technician
Emergency Room Technician,Medical Technician
EMT,Medical Technician
Energy Analyst,Scientific Research & Development
Energy Engineer,Industrial Engineering
English Professor,Education & Instruction
English Teacher,Education & Instruction
English Tutor,Education & Instruction
Enterprise Architect,Scientific Research & Development
Environmental Analyst,Scientific Research & Development
Environmental Consultant,Industrial Engineering
Environmental Engineer,Civil Engineering
Environmental Manager,Management
Environmental Scientist,Scientific Research & Development
Environmental Specialist,Scientific Research & Development
Environmental Technician,Installation & Maintenance
Epidemiologist,Physicians & Surgeons
Equipment Operator,Construction
Equity Analyst,Banking & Finance
Equity Research Analyst,Banking & Finance
Esthetician,Beauty & Wellness
Estimator,Accounting
Etl Developer,Software Development
Event Coordinator,Administrative Assistance
Event Manager,Management
Event Planner,Management
Executive Administrative Assistant,Administrative Assistance
Executive Assistant,Administrative Assistance
Executive Chef,Food Preparation & Service
Executive Director,Management
Expeditor,Logistic Support
Facilitator,Community & Social Service
Facilities Manager,Management
Facility Manager,Management
Farm Manager,Agriculture & Forestry
Farmer,Agriculture & Forestry
Farmworker,Agriculture & Forestry
Fast Food Cook,Food Preparation & Service
Fast Food Worker,Food Preparation & Service
Fence Installer,Construction
Field Engineer,Installation & Maintenance
Field Inspector,Installation & Maintenance
Field Service Engineer,Installation & Maintenance
Field Service Technician,Installation & Maintenance
Field Technician,Installation & Maintenance
File Clerk,Administrative Assistance
Film and Video Editor,Media & Communications
Finance Analyst,Accounting
Finance Manager,Accounting
Financial Advisor,Sales
Financial Analyst,Accounting
Financial Counselor,Banking & Finance
Financial Manager,Banking & Finance
Financial Planner,Sales
Financial Services Agent,Banking & Finance
Fire Chief,Security & Public Safety
Fire Fighter,Security & Public Safety
Fire Inspector,Installation & Maintenance
Fire Investigator,Security & Public Safety
Fire Marshal,Security & Public Safety
Firefighter,Security & Public Safety
Fitness Instructor,Sports
Fitness Specialist,Sports
Fitness Trainer,Sports
Fleet Manager,Management
Flight Attendant,Aviation
Florist,Retail
Food Inspector,Food Preparation & Service
Food Preparation Worker,Food Preparation & Service
Food Production Worker,Food Preparation & Service
Food Runner,Food Preparation & Service
Food Scientist,Scientific Research & Development
Food Server,Food Preparation & Service
Food Service,Food Preparation & Service
Food Service Director,Food Preparation & Service
Food Service Manager,Food Preparation & Service
Food Service Supervisor,Food Preparation & Service
Food Technologist,Food Preparation & Service
Forensic Scientist,Scientific Research & Development
Forestry Technician,Agriculture & Forestry
Forklift Driver,Loading and Stocking
Forklift Operator,Loading and Stocking
Fraud Analyst,Banking & Finance
Fraud Investigator,Banking & Finance
Freelance Writer,Media & Communications
French Teacher,Education & Instruction
French Tutor,Education & Instruction
Front Desk Clerk,Administrative Assistance
Front End Developer,Software Development
Full Stack Developer,Software Development
Game Designer,Information Design & Documentation
Game Developer,Software Development
Gardener,Installation & Maintenance
General Counsel,Legal
General Laborer,Construction
General Manager,Management
Geologist,Scientific Research & Development
Gis Analyst,Civil Engineering
Glazier,Construction
Graduate Assistant,Education & Instruction
Graduate Nurse,Nursing
Graphic Artist,Arts & Entertainment
Graphic Designer,Media & Communications
Greeter,Customer Service
Grounds Maintenance Worker,Cleaning & Sanitation
Groundskeeper,Installation & Maintenance
Group Fitness Instructor,Sports
Guidance Counselor,Community & Social Service
Hairstylist,Beauty & Wellness
Handyman,Construction
Hardware Engineer,Mechanical Engineering
Hazardous Material Removal Worker,Cleaning & Sanitation
Headhunter,Human Resources
Health Coach,Community & Social Service
Health Educator,Community & Social Service
Health Information Technician,Medical Information
Health Unit Coordinator,Medical Technician
Healthcare Analyst,Healthcare & Medical Technology
Healthcare Consultant,Medical Information
Healthcare Social Worker,Social Science
Heavy Equipment Mechanic,Construction
Heavy Machinery Operator,Industrial Engineering
Helicopter Mechanic,Aviation
Help Desk Technician,IT Operations & Helpdesk
High School Teacher,Education & Instruction
Highway Maintenance,Construction
Histology Technician,Medical Technician
Home Health Aide,Nursing
Home Health Nurse,Nursing
Home Inspector,Sales
Home Theater Installer,Installation & Maintenance
Hospice Nurse,Nursing
Hospice Social Worker,Community & Social Service
Hospitalist,Physicians & Surgeons
Host/Hostess,Hospitality & Tourism
Hostess,Food Preparation & Service
House Manager,Community & Social Service
Housekeeper,Cleaning & Sanitation
HR Analyst,Human Resources
HR Assistant,Human Resources
HR Coordinator,Human Resources
HR Director,Human Resources
HR Generalist,Human Resources
HR Manager,Human Resources
HR Specialist,Human Resources
HTML Developer,Software Development
HVAC Installer,Installation & Maintenance
HVAC Mechanic,Installation & Maintenance
Illustrator,Arts & Entertainment
Immigration Attorney,Legal
Industrial Designer,Arts & Entertainment
Industrial Electrician,Construction
Industrial Engineer,Industrial Engineering
Industrial Machine Mechanic,Industrial Engineering
Industrial Production Manager,Production & Manufacturing
Informatica Developer,Software Development
Information Security Analyst,Information Design & Documentation
Infusion Nurse,Nursing
Installation Assistant,Installation & Maintenance
Instructional Aide,Education & Instruction
Instructional Assistant,Education & Instruction
Instructional Designer,Information Design & Documentation
Instructor,Education & Instruction
Instrument Technician,Installation & Maintenance
Insurance Adjuster,Insurance
Insurance Agent,Insurance
Insurance Sales Agent,Insurance
Intake Coordinator,Community & Social Service
Intelligence Analyst,Information Design & Documentation
Interior Designer,Architecture
Interpreter,Community & Social Service
Inventory Specialist,Retail
Investment Analyst,Banking & Finance
iOS Developer,Software Development
IT Director,Information Design & Documentation
IT Manager,Management
IT Project Manager,Project Management
IT Specialist,IT Operations & Helpdesk
Janitor,Cleaning & Sanitation
Java Developer,Software Development
Java Programmer,Software Development
Javascript Developer,Software Development
Journalist,Media & Communications
Journeyman Electrician,Installation & Maintenance
Journeyman Lineman,Construction
Junior Designer,Arts & Entertainment
Junior Developer,Software Development
Junior Software Engineer,Software Development
Kindergarten Teacher,Education & Instruction
Kitchen Designer,Sales
Kitchen Manager,Food Preparation & Service
Lab Assistant,Scientific Research & Development
Lab Technician,Medical Technician
Labor And Delivery Nurse,Nursing
Laboratory Assistant,Scientific Research & Development
Laboratory Technician,Medical Technician
Laborer,Construction
Land Surveyor,Management
Landscaper,Installation & Maintenance
Laundry Attendant,Cleaning & Sanitation
Law Clerk,Legal
Lawyer,Legal
Legal Assistant,Legal
Legal Clerk,Legal
Legal Secretary,Administrative Assistance
Legislative Assistant,Legal
Librarian,Social Science
Library Assistants,Education & Instruction
Library Technician,Education & Instruction
Library Technicians,Education & Instruction
Licensed Practical Nurses,Nursing
Licensed Professional Counselor,Community & Social Service
Life Coach,Community & Social Service
Line Cook,Food Preparation & Service
Lineman,Installation & Maintenance
Linux Administrator,IT Operations & Helpdesk
Loader,Loading and Stocking
Loan Officer,Sales
Loan Originator,Banking & Finance
Loan Processor,Banking & Finance
Locksmith,Construction
Logistic Analyst,Logistic Support
Logistician,Logistic Support
Logistics Coordinator,Logistic Support
Logistics Manager,Management
Loss Prevention Manager,Security & Public Safety
LPN,Nursing
Lube Technician,Installation & Maintenance
LVN,Nursing
Machine Operator,Production & Manufacturing
Machine Tool Setter,Industrial Engineering
Machinery Maintenance Worker,Industrial Engineering
Machinist,Production & Manufacturing
Mail Clerk,Administrative Assistance
Maintenance,Installation & Maintenance
Maintenance Electrician,Construction
Maintenance Manager,Installation & Maintenance
Maintenance Mechanic,Installation & Maintenance
Maintenance Supervisor,Installation & Maintenance
Maintenance Technician,Installation & Maintenance
Manual Machinist,Industrial Engineering
Marine Engineer,Industrial Engineering
Market Research Analyst,Marketing
Marriage And Family Therapist,Therapy
Massage Therapist,Therapy
Material Handler,Loading and Stocking
Materials Engineer,Chemical Engineering
Materials Scientist,Scientific Research & Development
Meat Cutter,Retail
Meat Packer,Food Preparation & Service
Mechanic,Installation & Maintenance
Mechanic Supervisor,Industrial Engineering
Mechanical Engineer,Mechanical Engineering
Media Planner,Media & Communications
Media Specialist,Media & Communications
Mediator,Legal
Medical Administrative Assistant,Administrative Assistance
Medical and Health Services Manager,Healthcare & Medical Technology
Medical Assistant,Medical Technician
Medical Biller,Medical Information
Medical Coder,Medical Information
Medical Director,Medical Technician
Medical Laboratory Scientist,Medical Technician
Medical Liaison,Medical Information
Medical Office Assistant,Medical Information
Medical Receptionist,Administrative Assistance
Medical Records Clerk,Medical Information
Medical Records Technician,Medical Technician
Medical Sales Representative,Sales
Medical Science Liaison,Community & Social Service
Medical Scientist,Scientific Research & Development
Medical Secretary,Administrative Assistance
Medical Social Worker,Social Science
Medical Technician,Medical Technician
Medical Technologist,Medical Technician
Medical Transcriptionist,Medical Information
Medical Writer,Medical Information
Mental Health Counselor,Medical Technician
Mental Health Technician,Medical Technician
Mental Health Therapist,Social Science
Mental Health Worker,Medical Technician
Merchandiser,Retail
Microbiologist,Scientific Research & Development
Military Officer,Security & Public Safety
Mobile Developer,Software Development
Model,Arts & Entertainment
Monitor Technician,Medical Technician
Mortgage Loan Officer,Sales
Mortgage Loan Originator,Sales
Mortgage Processor,Banking & Finance
Mortgage Underwriter,Accounting
Mover,Loading and Stocking
Mri Technologist,Medical Technician
Musician,Arts & Entertainment
Nanny,Childcare
Negotiator,Legal
Network Administrator,IT Operations & Helpdesk
Network Analyst,Information Design & Documentation
Network Architect,IT Operations & Helpdesk
Network Engineer,IT Operations & Helpdesk
Network Technician,IT Operations & Helpdesk
News Reporter,Media & Communications
Noc Technician,IT Operations & Helpdesk
Notary Public,Legal
Nuclear Engineer,Chemical Engineering
Nuclear Medicine Technologist,Medical Technician
Nurse,Nursing
Nurse Aide,Nursing
Nurse Anesthetist,Nursing
Nurse Assistant,Nursing
Nurse Consultant,Nursing
Nurse Educator,Education & Instruction
Nurse Manager,Nursing
Nurse Practitioner,Nursing
Nurse Practitioners,Nursing
Nursery Manager,Agriculture & Forestry
Nutrition Assistant,Medical Technician
Nutrition Consultant,Healthcare & Medical Technology
Nutritionist,Medical Technician
Obgyn,Physicians & Surgeons
Occupational Health Nurse,Nursing
Occupational Therapist,Therapy
Occupational Therapy Aide,Therapy
Occupational Therapy Assistant,Therapy
Office Administrator,Administrative Assistance
Office Assistant,Administrative Assistance
Office Clerk,Administrative Assistance
Office Coordinator,Administrative Assistance
Office Manager,Administrative Assistance
Office Nurse,Nursing
Office Support,Administrative Assistance
Operations Analyst,Information Design & Documentation
Operations Manager,Management
Optician,Retail
Order Clerk,Administrative Assistance
Order Filler,Logistic Support
Order Picker,Loading and Stocking
Order Selector,Loading and Stocking
Organizer,Arts & Entertainment
Orthodontic Assistant,Dental
Package Handler,Loading and Stocking
Packer,Loading and Stocking
Painter,Construction
Paralegal,Legal
Paramedic,Medical Technician
Paraprofessional,Community & Social Service
Park Recreation Worker,Community & Social Service
Parts Cleaner,Cleaning & Sanitation
Parts Manager,Sales
Parts Salesman,Retail
Pastry Chef,Food Preparation & Service
Patent Attorney,Legal
Pathology Assistant,Healthcare & Medical Technology
Patient Access Representative,Medical Information
Patient Care Assistant,Medical Technician
Patient Care Coordinator,Healthcare & Medical Technology
Patient Care Technician,Medical Technician
Patient Navigator,Healthcare & Medical Technology
Patient Service Representative,Medical Information
Patient Sitter,Personal Care & Home Health
Patient Transporter,Medical Technician
Payroll Clerk,Administrative Assistance
Payroll Specialist,Accounting
PC Technician,Installation & Maintenance
Pediatrician,Physicians & Surgeons
Peer Support Specialist,Customer Service
Personal Assistant,Administrative Assistance
Personal Banker,Banking & Finance
Personal Care Aide,Personal Care & Home Health
Personal Care Assistant,Personal Care & Home Health
Personal Care Worker,Personal Care & Home Health
Personal Trainer,Sports
Pest Control Worker,Cleaning & Sanitation
Petroleum Engineer,Industrial Engineering
Pharmaceutical Sales Representative,Sales
Pharmacist,Pharmacy
Pharmacy Aide,Pharmacy
Pharmacy Clerk,Pharmacy
Pharmacy Technician,Pharmacy
Phlebotomist,Medical Technician
Phlebotomy Technician,Medical Technician
Photographer,Media & Communications
PHP Developer,Software Development
Physical Education Teacher,Education & Instruction
Physical Therapist,Therapy
Physical Therapist Aide,Therapy
Physical Therapist Assistant,Therapy
Physical Therapy Aide,Therapy
Physical Therapy Technician,Therapy
Physician Assistant,Physicians & Surgeons
Physicist,Scientific Research & Development
Picker,Logistic Support
Packer,Logistic Support
Pilot,Aviation
Pipe Fitter,Construction
Pipelayer,Construction
Planner,Administrative Assistance
Plant Manager,Management
Plant Operator,Installation & Maintenance
PLC Technician,Industrial Engineering
Plumber,Installation & Maintenance
Plumber Assistant,Construction
Police Chief,Security & Public Safety
Police Officer,Security & Public Safety
Policy Analyst,Legal
Porter,Hospitality & Tourism
Portfolio Manager,Banking & Finance
Practice Manager,Management
Prep Cook,Food Preparation & Service
Preschool Teacher,Childcare
Private Investigator,Security & Public Safety
Probation Officer,Security & Public Safety
Process Engineer,Industrial Engineering
Process Operator,Installation & Maintenance
Process Technician,Installation & Maintenance
Procurement,Logistic Support
Producer,Arts & Entertainment
Product Engineer,Industrial Engineering
Product Manager,Software Development
Product Owner,Software Development
Product Promoter,Sales
Production Artist,Arts & Entertainment
Production Assistant,Administrative Assistance
Production Coordinator,Production & Manufacturing
Production Manager,Production & Manufacturing
Production Operator,Production & Manufacturing
Production Supervisor,Production & Manufacturing
Production Worker,Production & Manufacturing
Professor,Education & Instruction
Program Assistant,Administrative Assistance
Program Coordinator,Community & Social Service
Program Director,Project Management
Program Manager,Project Management
Programmer,Software Development
Programmer Analyst,IT Operations & Helpdesk
Project Analyst,Project Management
Project Assistant,Administrative Assistance
Project Coordinator,Project Management
Project Engineer,Project Management
Project Manager,Project Management
Promoter,Sales
Proofreader,Media & Communications
Property Manager,Real Estate
Protective Service Worker,Security & Public Safety
Psychiatric Aide,Healthcare & Medical Technology
Psychiatric Technician,Medical Technician
Psychiatrist,Physicians & Surgeons
Psychologist,Social Science
Public Safety Officer,Security & Public Safety
Publisher,Media & Communications
Python Developer,Software Development
Python Programmer,Software Development
QA Analyst,Information Design & Documentation
QA Engineer,Software Development
QA Tester,Information Design & Documentation
Quality Analyst,Information Design & Documentation
Quality Engineer,Industrial Engineering
Quality Inspector,Production & Manufacturing
Quality Manager,Management
Quality Systems Manager,Management
Quality Technician,Installation & Maintenance
Quantitative Analyst,Information Design & Documentation
Radio Host,Media & Communications
Radiographer,Healthcare & Medical Technology
Radiologic Technologist,Medical Technician
Radiologist,Physicians & Surgeons
Radiology Assistant,Healthcare & Medical Technology
Radiology Technician,Healthcare & Medical Technology
Ramp Agent,Loading and Stocking
Ranch Worker,Agriculture & Forestry
Reader,Education & Instruction
Real Estate Agent,Real Estate
Real Estate Analyst,Real Estate
Real Estate Appraiser,Real Estate
Real Estate Assistant,Real Estate
Real Estate Sales Agent,Real Estate
Realtor,Real Estate
Receptionist,Administrative Assistance
Records Clerk,Administrative Assistance
Recreational Therapist,Therapy
Recruiter,Human Resources
Regional Manager,Management
Registered Nurse,Nursing
Registrar,Physicians & Surgeons
Rehabilitation Technician,Therapy
Relationship Manager,Sales
Remote Medical Coder,Medical Information
Rental Clerk,Administrative Assistance
Reporter,Media & Communications
Research Analyst,Scientific Research & Development
Research Assistant,Scientific Research & Development
Research Associate,Scientific Research & Development
Research Coordinator,Scientific Research & Development
Research Nurse,Healthcare & Medical Technology
Research Scientist,Scientific Research & Development
Research Technician,Scientific Research & Development
Resident Advisor,Community & Social Service
Resident Assistant,Personal Care & Home Health
Resident Manager,Community & Social Service
Residential Counselor,Community & Social Service
Respiratory Therapist,Physicians & Surgeons
Restaurant Cook,Food Preparation & Service
Restaurant Manager,Food Preparation & Service
Retail Manager,Retail
Retail Merchandiser,Retail
Retail Sales,Retail
Retail Sales Associate,Retail
Retail Salesperson,Retail
Retail Supervisor,Retail
Rigger,Installation & Maintenance
Risk Analyst,Banking & Finance
RN,Nursing
Robotics Engineer,Mechanical Engineering
Roofer,Construction
Safety Coordinator,Human Resources
Safety Director,Security & Public Safety
Safety Inspector,Security & Public Safety
Safety Manager,Human Resources
Safety Officer,Security & Public Safety
Sales Associate,Sales
Sales Consultant,Sales
Sales Engineer,Sales
Sales Executive,Sales
Sales Manager,Sales
Sales Representative,Sales
Sales Stock Clerk,Retail
Salesforce Developer,Software Development
Salesman,Sales
SAS Programmer,Software Development
Scheduler,Administrative Assistance
School Aide,Education & Instruction
School Bus Driver,Driving
School Counselor,Community & Social Service
School Nurse,Nursing
School Principal,Education & Instruction
School Secretary,Administrative Assistance
School Social Worker,Community & Social Service
Science Teacher,Education & Instruction
Scientist,Scientific Research & Development
Script Writer,Arts & Entertainment
Scrum Master,Software Development
Secondary School Teacher,Education & Instruction
Secretary,Administrative Assistance
Security Administrator,IT Operations & Helpdesk
Security Analyst,Information Design & Documentation
Security Architect,IT Operations & Helpdesk
Security Consultant,IT Operations & Helpdesk
Security Director,Human Resources
Security Engineer,Industrial Engineering
Security Guard,Security & Public Safety
Security Manager,Management
Security officer,Security & Public Safety
Security Specialist,Security & Public Safety
Security Supervisor,Security & Public Safety
Service Advisor,Sales
Service Attendant,Customer Service
Service Manager,Management
Service Technician,Installation & Maintenance
Services Sales Representative,Sales
Sheriff,Security & Public Safety
Short Order Cook,Food Preparation & Service
Shuttle Driver,Driving
Sitter,Childcare
Small Engine Mechanic,Mechanical Engineering
Small Machine Repairer,Installation & Maintenance
Social Media Coordinator,Marketing
Social Media Manager,Marketing
Social Media Specialist,Media & Communications
Social Scientist,Social Science
Social Services Assistant,Community & Social Service
Social Studies Teacher,Education & Instruction
Social Worker,Community & Social Service
Software Architect,Software Development
Software Developer,Software Development
Software Engineer,Software Development
Software Tester,Software Development
Solutions Architect,IT Operations & Helpdesk
Sonographer,Healthcare & Medical Technology
Sound Designer,Media & Communications
Sound Engineer,Arts & Entertainment
Sous Chef,Food Preparation & Service
Spa Manager,Management
Spanish Teacher,Education & Instruction
Special Agent,Security & Public Safety
Specimen Processor,Healthcare & Medical Technology
Speech Language Pathologist,Therapy
Speech Pathologist,Therapy
Sports Agent,Sports
Sports Reporter,Media & Communications
SQL Developer,Software Development
Staff Accountant,Accounting
Staff Writer,Arts & Entertainment
Stage Manager,Arts & Entertainment
Statistician,Scientific Research & Development
Stock Clerk,Logistic Support
Stonemason,Construction
Store Manager,Retail
Structural Engineer,Civil Engineering
Student Advisor,Education & Instruction
Student Nurse,Nursing
Stylist,Sales
Substance Abuse Counselor,Community & Social Service
Substitute Teacher,Education & Instruction
Superintendent,Management
Supervisor,Management
Supply Chain Analyst,Logistic Support
Supply Chain Manager,Logistic Support
Surgeon,Physicians & Surgeons
Surgical Assistant,Healthcare & Medical Technology
Surgical Technician,Physicians & Surgeons
Surgical Technologist,Physicians & Surgeons
Surveyor,Mechanical Engineering
Switchboard Operator,Administrative Assistance
System Administrator,IT Operations & Helpdesk
System Analyst,IT Operations & Helpdesk
System Engineer,IT Operations & Helpdesk
Systems Administrator,IT Operations & Helpdesk
Systems Analyst,Information Design & Documentation
Systems Architect,IT Operations & Helpdesk
Systems Engineer,Industrial Engineering
Tax Accountant,Accounting
Tax Preparer,Accounting
Taxi Driver,Driving
Teacher,Education & Instruction
Teacher Aide,Education & Instruction
Teacher Assistant,Education & Instruction
Team Assembler,Production & Manufacturing
Team Leader,Management
Technical Recruiter,Human Resources
Technical Writer,Information Design & Documentation
Telecommunications Technician,Installation & Maintenance
Telemarketer,Sales
Telemetry Technician,Healthcare & Medical Technology
Teller,Retail
Territory Manager,Sales
Test Engineer,Industrial Engineering
Textile Designer,Fashion
Therapist,Therapy
Ticket Attendant,Customer Service
Title Clerk,Administrative Assistance
Title Examiner,Legal
Tower Technician,Installation & Maintenance
Trader,Sales
Trainer,Education & Instruction
Transcriptionist,Medical Information
Transit Bus Driver,Driving
Translator,Community & Social Service
Transportation Manager,Logistic Support
Transportation Planner,Driving
Travel Agent,Hospitality & Tourism
Travel Consultant,Hospitality & Tourism
Travel Manager,Hospitality & Tourism
Treasury,Banking & Finance
Truck Driver,Driving
Tutor,Education & Instruction
Typist,Administrative Assistance
UI Designer,Information Design & Documentation
UI Developer,Software Development
Ultrasound Technician,Healthcare & Medical Technology
Underwriter,Insurance
Unit Clerk,Medical Information
Unit Secretary,Medical Information
Unity Developer,Software Development
Utility Locator,Installation & Maintenance
Utilization Review Nurse,Nursing
UX Designer,Information Design & Documentation
Valet,Customer Service
Validation Engineer,Mechanical Engineering
Van Driver,Driving
Vet,Veterinary
Veterinarian,Veterinary
Veterinary Assistant,Veterinary
Veterinary Technician,Veterinary
Vice President,Management
Video Editor,Media & Communications
Video Game Designer,Information Design & Documentation
Video Producer,Arts & Entertainment
Visual Designer,Media & Communications
Visual Merchandiser,Retail
Volunteer Coordinator,Community & Social Service
Waiter,Food Preparation & Service
Waiter/Waitress,Hospitality & Tourism
Waitress,Food Preparation & Service
Warehouse Associate,Loading and Stocking
Warehouse Manager,Management
Warehouse Supervisor,Loading and Stocking
Warehouse Worker,Loading and Stocking
Wastewater Operator,Installation & Maintenance
Web Designer,Media & Communications
Web Developer,Software Development
Welder,Production & Manufacturing
Wellness Coordinator,Community & Social Service
Wind Turbine Technician,Installation & Maintenance
Wordpress Developer,Software Development
Wound Care Nurse,Nursing
Writer,Media & Communications
X-Ray Technician,Healthcare & Medical Technology
Yoga Instructor,Education & Instruction
Yoga Teacher,Sports
Youth Counselor,Community & Social Service
Zone Manager,Management
Zoo Veterinarian,Veterinary
Zookeeper,Veterinary
Zoologist,Scientific Research & Development